[
    {
        "id": 1,
        "name": "Nike Air Max 270",
        "price": 150,
        "image":"../../img/kid/k1.png",
        "description": "The Nike Air Max 270 delivers visible air under every step. Updated for modern comfort, it nods to the original 1991 Air Max 180 with its exaggerated tongue top and heritage tongue logo."
      },
      {
        "id": 2,
        "name": "Nike Air Force 1",
        "price": 90,
        "image":"../../img/kid/k2.png",
        "description": "The Nike Air Force 1 stays true to its roots with comfortable Nike Air cushioning and the iconic style of the 1982 original. A low-cut collar adds a sleek, streamlined look."
      },
      {
        "id": 3,
        "name": "Nike React Infinity Run Flyknit",
        "price": 160,
        "image":"../../img/kid/k3.png",
        "description": "The Nike React Infinity Run Flyknit is designed to help reduce injury and keep you on the run. More foam and improved upper details provide a secure and cushioned feel."
      },
      {
        "id": 4,
        "name": "Nike Joyride Run Flyknit",
        "price": 180,
        "image":"../../img/kid/k4.png",
        "description": "The Nike Joyride Run Flyknit is designed to help make running feel easier and give your legs a day off. Tiny foam beads underfoot conform to your foot for cushioning that stands up to your mileage."
      },
      {
        "id": 5,
        "name": "Nike Air Zoom Pegasus 37",
        "price": 120,
        "image":"../../img/kid/k5.png",
        "description": "The Nike Air Zoom Pegasus 37 helps runners hit their stride at any speed. Zoom Air feels soft yet bouncy to make it fun while you run, and a slimmer design reduces bulk for a snug fit."
      },
      {
        "id": 6,
        "name": "Nike ZoomX Vaporfly NEXT%",
        "price": 250,
        "image":"../../img/kid/k6.png",
        "description": "The Nike ZoomX Vaporfly NEXT% clears your path to record-breaking speed with a lighter design and faster feel than before. With more cushioning underfoot and reduced weight up top, the result is unprecedented energy return and comfort."
      },
    {
        "id":1,
        "name":"jordan image 1",
        "price":200,
        "image":"../../img/kid/k1.png",
        "description":"Lorem ipsum dolor sit amet consectetur adipisicing elit. Quisquam odit eum suscipit iusto eaque maiores ut dolor, molestias veniam nesciunt."
    },
    {
        "id":2,
        "name":"jordan image 1",
        "price":200,
        "image":"../../img/kid/k2.png",
        "description":"Lorem ipsum dolor sit amet consectetur adipisicing elit. Quisquam odit eum suscipit iusto eaque maiores ut dolor, molestias veniam nesciunt."
    },
    {
        "id":3,
        "name":"jordan image 1",
        "price":200,
        "image":"../../img/kid/k3.png",
        "description":"Lorem ipsum dolor sit amet consectetur adipisicing elit. Quisquam odit eum suscipit iusto eaque maiores ut dolor, molestias veniam nesciunt."
    },
    {
        "id":4,
        "name":"jordan image 1",
        "price":200,
        "image":"../../img/kid/k4.png",
        "description":"Lorem ipsum dolor sit amet consectetur adipisicing elit. Quisquam odit eum suscipit iusto eaque maiores ut dolor, molestias veniam nesciunt."
    },
    {
        "id":5,
        "name":"jordan image 1",
        "price":200,
        "image":"../../img/kid/k5.png",
        "description":"Lorem ipsum dolor sit amet consectetur adipisicing elit. Quisquam odit eum suscipit iusto eaque maiores ut dolor, molestias veniam nesciunt."
    },
    {
        "id":6,
        "name":"jordan image 1",
        "price":200,
        "image":"../../img/kid/k6.png",
        "description":"Lorem ipsum dolor sit amet consectetur adipisicing elit. Quisquam odit eum suscipit iusto eaque maiores ut dolor, molestias veniam nesciunt."
    }
]