[
    {
        "id":1,
        "name":"jordan image 1",
        "price":200,
        "image":"../../img/Men/men1.png",
        "description":"Lorem ipsum dolor sit amet consectetur adipisicing elit. Quisquam odit eum suscipit iusto eaque maiores ut dolor, molestias veniam nesciunt."
    },
    {
        "id":2,
        "name":"jordan image 1",
        "price":200,
        "image":"../../img/men/men2.png",
        "description":"Lorem ipsum dolor sit amet consectetur adipisicing elit. Quisquam odit eum suscipit iusto eaque maiores ut dolor, molestias veniam nesciunt."
    },
    {
        "id":3,
        "name":"jordan image 1",
        "price":200,
        "image":"../../img/men/men3.png",
        "description":"Lorem ipsum dolor sit amet consectetur adipisicing elit. Quisquam odit eum suscipit iusto eaque maiores ut dolor, molestias veniam nesciunt."
    },
    {
        "id":4,
        "name":"jordan image 1",
        "price":200,
        "image":"../../img/men/men4.png",
        "description":"Lorem ipsum dolor sit amet consectetur adipisicing elit. Quisquam odit eum suscipit iusto eaque maiores ut dolor, molestias veniam nesciunt."
    },
    {
        "id":5,
        "name":"jordan image 1",
        "price":200,
        "image":"../../img/men/men5.jpg",
        "description":"Lorem ipsum dolor sit amet consectetur adipisicing elit. Quisquam odit eum suscipit iusto eaque maiores ut dolor, molestias veniam nesciunt."
    },
    {
        "id":6,
        "name":"jordan image 1",
        "price":200,
        "image":"../../img/men/men6.png",
        "description":"Lorem ipsum dolor sit amet consectetur adipisicing elit. Quisquam odit eum suscipit iusto eaque maiores ut dolor, molestias veniam nesciunt."
    },
    {
        "id":7,
        "name":"jordan image 1",
        "price":200,
        "image":"../../img/women/w1.png",
        "description":"Lorem ipsum dolor sit amet consectetur adipisicing elit. Quisquam odit eum suscipit iusto eaque maiores ut dolor, molestias veniam nesciunt."
    },
    {
        "id":8,
        "name":"jordan image 1",
        "price":200,
        "image":"../../img/men/men1.png",
        "description":"Lorem ipsum dolor sit amet consectetur adipisicing elit. Quisquam odit eum suscipit iusto eaque maiores ut dolor, molestias veniam nesciunt."
    },
    {
        "id":9,
        "name":"jordan image 1",
        "price":200,
        "image":"../../img/women/w2.png",
        "description":"Lorem ipsum dolor sit amet consectetur adipisicing elit. Quisquam odit eum suscipit iusto eaque maiores ut dolor, molestias veniam nesciunt."
    },
    {
        "id":10,
        "name":"jordan image 1",
        "price":200,
        "image":"../../img/women/w3.png",
        "description":"Lorem ipsum dolor sit amet consectetur adipisicing elit. Quisquam odit eum suscipit iusto eaque maiores ut dolor, molestias veniam nesciunt."
    },
    {
        "id":11,
        "name":"jordan image 1",
        "price":200,
        "image":"../../img/women/w4.png",
        "description":"Lorem ipsum dolor sit amet consectetur adipisicing elit. Quisquam odit eum suscipit iusto eaque maiores ut dolor, molestias veniam nesciunt."
    }
]

